{"cameraMode":{"drawMode":0,"name":"Shaded","section":"Shading Mode"},"sceneLighting":true,"audioPlay":false,"sceneViewState":{"m_AlwaysRefresh":false,"showFog":true,"showSkybox":true,"showFlares":true,"showImageEffects":true,"showParticleSystems":true,"showVisualEffectGraphs":true,"m_FxEnabled":true},"in2DMode":false,"pivot":{"x":-2.6409902572631838,"y":10.565923690795899,"z":-2.0003576278686525},"rotation":{"x":0.1173725575208664,"y":0.018095631152391435,"z":-0.0014495629584416748,"w":0.9932653307914734},"size":0.15039809048175813,"orthographic":false}