{"cameraMode":{"drawMode":0,"name":"Shaded","section":"Shading Mode"},"sceneLighting":false,"audioPlay":false,"sceneViewState":{"showFog":true,"showMaterialUpdate":false,"showSkybox":false,"showFlares":true,"showImageEffects":true,"showParticleSystems":true},"in2DMode":false,"pivot":{"x":-6.408882141113281,"y":-3.3770077228546144,"z":-0.1393839418888092},"rotation":{"x":0.30862659215927126,"y":0.0185423344373703,"z":-0.0060175699181854729,"w":0.9509850144386292},"size":2.480238914489746,"orthographic":false}